subset,N,MAE,RMSE,MedianAbsErr,Bias,MedianBias,Frac(<10%),Frac(<20%)
all,909,5.331226419956639,7.423996870238816,3.274176597595215,-0.7565451048650627,0.06856918334960938,0.2607260726072607,0.45104510451045104
train,819,5.232136379304241,7.324979671566543,3.1432113647460938,-0.7462625958398439,0.06634163856506348,0.2612942612942613,0.4542124542124542
val,90,6.232945906453662,8.27075523262446,4.1811089515686035,-0.8501154601573944,0.12479645013809204,0.25555555555555554,0.4222222222222222
