method,subset,N,MAE,RMSE,MedianAbsErr,Bias,MedianBias,Frac(<10%),Frac(<20%)
LightPred,val,90,9.31782161899143,11.135739003592954,8.39063465499878,-3.6861696515401206,-3.5078518333435067,0.1,0.17777777777777778
LS,val,90,17.88854898444791,21.402644610989004,20.224209778624903,17.816678066890365,20.224209778624903,0.17777777777777778,0.2111111111111111
ACF,val,10,0.37434131041749247,0.5519538013108996,0.23084854973875935,-0.37434131041749247,-0.23084854973875935,1.0,1.0
GPS,val,87,10.376783992619075,13.643011204830836,6.773779264214049,7.203479644792987,3.116401337792638,0.11494252873563218,0.47126436781609193
QP-GP,val,90,3.974880937707785,6.224428598170669,2.416347012415625,3.916304139438812,2.416347012415625,0.35555555555555557,0.6666666666666666
