subset,N,MAE,RMSE,MedianAbsErr,Bias,MedianBias,Frac(<10%),Frac(<20%)
all,909,7.95430308796785,9.7649199112839,7.175579071044922,-2.3787871234618923,-1.652914047241211,0.10891089108910891,0.21782178217821782
train,819,7.80446588651019,9.602353709030327,6.968121528625488,-2.2351186983605738,-1.4677047729492188,0.10989010989010989,0.2222222222222222
val,90,9.317821578847038,11.135738916789245,8.390635013580322,-3.6861696435345546,-3.507852077484131,0.1,0.17777777777777778
