method,N,MAE,RMSE,MedianAbsErr,Bias,MedianBias,Frac(<10%),Frac(<20%),Corr,best_estimator,cv_mae,subset
LightPred,90,9.317821578847038,11.135738916789244,8.390635013580322,-3.6861696435345546,-3.507852077484132,0.1,0.1777777777777777,0.1092094461632771,,,
CNN,90,6.232945906453662,8.270755232624461,4.181108951568604,-0.8501154601573947,0.1247964501380921,0.2555555555555555,0.4222222222222222,0.6168030516928792,,,
LSTM,90,8.441715125905143,10.334908234578691,7.475070476531986,-0.2906914055347443,-0.3653621673583984,0.1666666666666666,0.3444444444444444,0.0724909641541177,,,
LS,90,17.888548956001927,21.402644583601607,20.224209275084863,17.816678074895933,20.224209275084863,0.1777777777777777,0.2111111111111111,0.2911856751325396,,,
ACF,10,0.3743412042258569,0.5519536255273535,0.230848462000722,-0.3743412042258569,-0.230848462000722,1.0,1.0,0.9998389385017836,,,
GPS,87,10.376783984063408,13.643011189790329,6.773778653862486,7.203479631677227,3.116401627709632,0.1149425287356321,0.4712643678160919,0.3112061166599932,,,
QP-GP,90,3.9748809146871458,6.224428629288173,2.416347245112159,3.9163041474443774,2.416347245112159,0.3555555555555555,0.6666666666666666,0.937676734200796,,,
Hybrid-QPResidual,90,1.6865147569367287,2.966104771158553,0.4536342543346965,-0.2958156737726279,-0.0998337482927969,0.7444444444444445,0.8888888888888888,0.9587913460131098,RandomForestRegressor,1.4064288061024497,val
Hybrid-CNNFusion,90,1.757697812809958,2.9187955147836835,0.711341616712005,-0.2978608583117927,-0.0287992993326116,0.6333333333333333,0.8777777777777778,0.9606054403771972,RandomForestRegressor,1.5186094322769903,val
