method,N,MAE,RMSE,MedianAbsErr,Bias,MedianBias,Frac(<10%),Frac(<20%),Corr
LightPred,90,9.317821578847038,11.135738916789245,8.390635013580322,-3.6861696435345546,-3.5078520774841317,0.1,0.17777777777777778,0.10920944616327713
CNN,90,6.232945906453662,8.270755232624461,4.1811089515686035,-0.8501154601573947,0.12479645013809215,0.25555555555555554,0.4222222222222222,0.6168030516928792
LSTM,90,8.441715125905143,10.334908234578693,7.475070476531986,-0.2906914055347443,-0.36536216735839844,0.16666666666666666,0.34444444444444444,0.07249096415411778
LS,90,17.888548956001927,21.402644583601607,20.224209275084863,17.816678074895933,20.224209275084863,0.17777777777777778,0.2111111111111111,0.2911856751325396
ACF,10,0.3743412042258569,0.5519536255273535,0.23084846200072207,-0.3743412042258569,-0.23084846200072207,1.0,1.0,0.9998389385017835
GPS,87,10.376783984063408,13.643011189790327,6.773778653862486,7.203479631677227,3.1164016277096316,0.11494252873563218,0.47126436781609193,0.31120611665999326
QP-GP,90,3.9748809146871458,6.224428629288173,2.416347245112159,3.9163041474443783,2.416347245112159,0.35555555555555557,0.6666666666666666,0.9376767342007961
