subset,N,MAE,RMSE,MedianAbsErr,Bias,MedianBias,Frac(<10%),Frac(<20%)
all,909,8.133258358611263,9.70587269646619,7.522182464599609,1.0773050736541665,1.440720558166504,0.1276127612761276,0.26182618261826185
train,819,8.099362010556991,9.634243620481168,7.563600540161133,1.2276343570815191,1.7341384887695312,0.12332112332112333,0.25274725274725274
val,90,8.441715125905143,10.334908234578693,7.475070476531982,-0.29069140553474426,-0.36536216735839844,0.16666666666666666,0.34444444444444444
